4711 AFTER SHAVE 100ML After Shave 1   Bottle,30000,0
4711 COLOGNE DEO STICK Deodorant 20ML    ,28000,0
4711 COLOGNE SHOWER GEL Body wash 200ml    ,28000,0
55 H+ PARIS EFFICACITE LOTION 500ML Lotion 500ml    ,180000,0
55 H+ PARIS GLYCERINE 500ML Glycerine 500ml    ,200000,0
55 H+ PARIS HARMONIE LOTION 500ML Lotion 500ml    ,180000,0
A'MRIJ CHARCOAL T/PASTE 3D WHITE 100ML Toothpaste 100ml    ,16500,0
A'MRIJ CHARCOAL T/PASTE PEPPERMINT 100ML Toothpaste 100ML    ,16500,0
A+E  WASHPROOF PLASTERS (ASSORTED) Plasters 20'S   Pack,3000,0
A+E FABRIC PLASTERS (ASSORTED) 20'S Plasters 20'S   Pack,3000,0
ABCHLOR EYE DROPS Chloramphenical 10ml   Piece,2000,0
ABIDEC ADV MULTIVIT/OMEGA 6&9 GD Omega 6/Multivit 150 ml   Bottle,48000,0
ABIDEC MULTIVITAMIN DROPS 25ML (1-12)YRS Vitamins A/B1/B2/B6/D2/C/Nicotinamide 25 ml   Bottle,42000,0
ABILIFY 10MG SA aripiprazole 10 mg 28 Tablet,2000,0
ABILIFY 5MG TABS Aripiprazole 5 mg 28 Tablet,2000,0
ABILIFY MAINTENA INJECTION Aripiprazole 400mg   InJection,400000,0
ABIRATERONE 250MG Abiraterone Acetate 250mg 120 Tablet,10000,0
"ABNAL DROPS Sodium chloride 0,009%   Piece",3000,0
ABRI-FLEX PREMIUM M1 Diapers M1   Pack,90000,0
ABRI-LET MATERNITY PADS Sanitary Pads 20X44 cm   Pack,30500,0
ACCU CHECK ACTIVE MACHINE KIT Blood Glucose Meter Kit .   Piece,120000,0
ACCU CHEK SOFTCLIX Lancet 28 g 200 Piece,300,0
ACCU-CHEK  ACTIVE STRIPS Blood Glucose Test Strips .   Pack,65000,0
ACCU-CHEK INSTANT STRIPS 50'S Blood Glucose Test strips 1   Pack,65000,0
ACCUCHECK SAFE -T-PRO UNO LANCETS Auto Spring loaded lancets 200's 200 Piece,500,0
ACEM 500MG Clarithromycin 500 mg 10 Tablet,1800,0
ACETAZOLAMIDE 250MG CYPRUS Acetazolamide 250mg 30 Tablet,800,0
"ACETYLCYSTEINE 2G IN 10ML Acetylcysteine 200mg /ml, 2g / 10ml 10 InJection",30000,0
ACICLOVIR 200MG TABS (UK) Aciclovir 200 mg 25 Tablet,700,0
ACICLOVIR 400MG TABS (UK) 56'S Aciclovir 400 mg 56 Tablet,800,0
ACICLOVIR 800MG TABS (UK) 35'S Aciclovir 800 MG 35 Tablet,1300,0
ACICLOVIR CREAM 10G Aciclovir 10g    ,2500,0
ACICLOVIR EYE OINT aciclovir .    ,14500,0
ACNE FREE CREAM Tretinoin 20g    ,14000,0
ACNES CREAMY WASH 100G Mentholantum 100g    ,30000,0
ACNES CREAMY WASH 50G Mentholantum 50g    ,16000,0
ACNES MOISTURIZING CREAM SPF27 Cream 75g    ,28000,0
ACNES SCAR CARE Mentholantum 12g    ,21000,0
ACNES SEALING GEL Mentholantum 9g    ,19500,0
ACNES SOOTHING TONER Toner 90ml    ,30000,0
ACNOTIN 10MG Isotretinoin 10 mg 30 Tablet,3000,0
ACNOTIN 20MG Isotretinoin 20mg 30 Capsule,4900,0
ACRETIN CREAM 30G 0.025% Tretinoin 0.025%    ,27000,0
ACRETIN CREAM 30G 0.05% Tretinoin 0.05%    ,28000,0
"ACTIFED DRY COUGH SYRUP (UK) Dextromethorphan, pseudoephedrine,  triprolidine 100 ml   Bottle",35000,0
ACTIFED MULTI ACTION TABS (UK) Triprolidine hydrochloride/Pseudoephedrine hydrochloride 2.5 mg/ 60.0 mg 12 Tablet,2500,0
"ACTIFED WET SYRUP GSK Triprolidine, Pseudoephedrine,Guaiphenesin 1.25mg/30mg/100mg   Bottle",12000,0
ACTILYF Vitamins 15's 15 Capsule,1800,0
ACTINAC 100MG Aceclofenac 100mg 20 Tablet,200,0
ACTINAC PLUS Aceclofenac/Paracetamol 100/500 mg 20 Tablet,300,0
"ACTION TABS Acetylsalicylic acid,paracetamol &caffeine 600 mg/300 mg/ 50 mg 50 Tablet",300,0
ACTISORB *PLUS 25 10.5X10.5CM Dressing Activated Charcoal Cloth with Silver 10.5*10.5CM 10 Piece,14500,0
ACTRAPID FLEXIPEN 100IU/ML Insulin 100iu 5 InJection,39000,0
ACTRAPID INJ (VIAL) Insulin(Soluble) 100IU/ml   InJection,28000,0
ADACIN GEL Adapalene/Clindamycin 15g    ,20000,0
ADALAT 30MG LA Nifedipine 30 mg 30 Tablet,1600,0
ADIDAS ADIPOWER SHOWER GEL Shower gel 400ml    ,20000,0
ADIDAS ADIPURE SHOWER GEL Shower 400ml    ,20000,0
ADIDAS CLIMACOOL SHOWER GEL Shower gel 400ml    ,20000,0
ADIDAS DYNAMIC PULSE DEO SPRAY Deodorant 150ml    ,12000,0
ADIDAS DYNAMIC PULSE SHOWER Shower gel 400ml    ,20000,0
ADIDAS ICE DIVE DEO SPRAY Deodorant 150ML    ,12000,0
ADIDAS ICE DIVE SHOWER GEL 400ML Shower gel 400ml    ,20000,0
ADIDAS PURE GAME DEO SPRAY Deodorant 150ML    ,12000,0
ADIDAS TEAM FORCE DEO SPRAY Deodorant 150ML    ,12000,0
ADIDAS TEAM FORCE SHOWER GEL Shower 400ml    ,20000,0
ADIDAS VICTORY LEAGUE DEO SPRAY Deodorant 150ml    ,12000,0
ADIDAS WOMEN PROTECT SHOWER GEL Shower gel 400ml    ,20000,0
ADOR PERFUME Perfume 100ml    ,90000,0
ADRENALINE INJ Adrenaline 1mg/1ml 10  ,2000,0
ADRENOX 2% INJ 30ML Lidocaine & Adrenaline 20/0.01 mg/ 1ml   InJection,6500,0
ADVANTAN CREAM 30G Methylprednisolone 30g   Piece,20000,0
ADVANTAN OINT 15G Methylprednisolone 15g    ,15000,0
ADVIL (50 X 2'S) Ibuprofen 200 mg 50 Sachets,2500,0
ADVIL LIQUI-GELS 200MG Ibuprofen 200mg 120 Capsule,500,0
AERIUS 5MG SA Desloratadine 5mg 20 Tablet,1200,0
AERIUS SYRUP 150ML Desloratadine 0.5 mg/ml ( 150 ml)   Bottle,21000,0
AFLODOR 16 Acceclofenac/Thiocolchicoside 200/16mg 30 Tablet,1400,0
AFTER BITE INSECT BITE TREATMENT 14ML Insect bite treatment 1   Piece,20000,0
AGE CARE ADULT DIAPERS LARGE 10'S Adult Diapers 10'S   Pack,42500,0
AGE CARE ADULT DIAPERS MEDIUM 10'S Adult Diapers 10'S   Pack,42500,0
AGE CARE ADULT DIAPERS X-LARGE 10'S Adult Diapers 10'S   Pack,42500,0
AGOBURN CREAM 15G Silver sulfadiazine cream 1% w/w   Piece,2000,0
AGOLAC  SYRUP 100ML lactulose 100ml   Bottle,6500,0
AIRWAY GUEDAL SIZE 5 - RED Airway - 100mm 1   Piece,3500,0
AIRWAY GUEDAL SIZE 6 - ORANGE Airway 110mm 1   Piece,4000,0
AIVIXIM 400MG Cefixime 400mg 100 Tablet,1400,0
AIVPOD 200MG Cefpodoxime 200mg 10 Tablet,2200,0
AKSEF (CEFUROXIME) 750MG IM/IV INJ Cefuroxime Sodium 750mg   InJection,14000,0
AKTIV JOINTS 1200 30'S Glucosamine 1200mg   Pack,45000,0
AKTIV PURE 3 1000MG 30'S Omega 3 100mg   Pack,25000,0
ALACOT EYE DROPS Olopatadine Hydrochloride 0.1%   Piece,21000,0
ALARID EYE DROPS Ketotifen 0.025%/5 ml    ,15000,0
"ALASKA OMEGA - 3,6,9 SOFT GEL CAPS 100'S EPA & DHA Enhanced with Flaxseed oil & EPO 1000/1000/10mg   Pack",120000,0
ALBEN SYRUP Albendazole 400mg   Bottle,2500,0
ALCID SYRUP (PINK) Antacid 400/400/50mg   Bottle,7000,0
ALCOHOL SWABS Alcohol Disinfectant 70% 100 Piece,100,0
ALDARA CREAM 5% 250MG SACHETS Imiquimod 250mg 12 Sachets,18000,0
ALDOMET 250MG Methyldopa 250mg 30 Tablet,1000,0
ALDOMET 500MG Methyldopa 500mg 30 Tablet,1700,0
ALDOPAM (PRALIDOXIME) INJ 2-Aldoxime METHIODIDE 500mg/20ml 2 InJection,10000,0
ALENDRONIC ACID 70MG TABS (UK) 4'S Alendronic Acid 70mg 4 Tablet,2000,0
ALERTEN Q 100 Coenzyme Q10 100mg 30 Capsule,3400,0
ALEX ASPIRE FINE FRAGRANCE 120ML Perfume 120 ml    ,10000,0
ALEX ASPIRE FINE FRAGRANCE 200ML Perfume 200ml    ,15000,0
ALEX COCONUT AND RASPBERRY Perfume 120 ml    ,10000,0
ALEX ESSENCE  FINE FRAGRANCE Perfume 120 ml    ,10000,0
ALFOXAN 500MG Mefenamic acid 500mg 100 Tablet,400,0
ALFUZOSIN 10MG PR GD Alfuzosin 10mg 30 Tablet,600,0
ALKA-SELTZER ORIGINAL Aspirin 324 mg 20 Tablet,1500,0
ALKA-SELTZER XS Aspirin/Paracetamol/Caffeine 267/133/40 mg 20 Tablet,1600,0
ALLOPURINOL 100MG TABS (UK) 28'S Allopurinol 100 mg 28 Tablet,400,0
ALLOPURINOL 300MG GD allopurinol 300 mg 28 Tablet,600,0
ALMOND OIL 70ML Almond Oil 70 ml    ,15000,0
ALOE DENT ALOE MOUTHWASH 250ML MouthWash 250 ml   Bottle,24000,0
ALOE PURA ALOE VERA AFTER SUN LOT  200ML Aloe vera 200ml    ,45500,0
ALOE PURA ALOE VERA BODY WASH 200ML Body Wash 200 ml   Bottle,28000,0
ALOE PURA ALOE VERA FACE MASK 150ML Face Mask 150ml   Bottle,25000,0
ALOE PURA ORGANIC ALOE VERA GEL Aloe Vera Gel 200ML   Piece,40000,0
ALOE PURA ORGANIC GEL WITH TEA TREE GD Aloe Vera/Tea tree Oil 200ml   Piece,40000,0
ALOE VERA FORTE HONEY DRINK 750ML Aloe vera 750ml   Bottle,22000,0
ALOE VERA GEL 500ML UK Aloevera 500ml   Bottle,14000,0
"ALOE VERA GEL WITH VITAMINS A,C.E Aloe vera 200ML   Piece",40000,0
ALOEDENT ALOE VERA LIP BALM LIPBALM 4G   Piece,18000,0
ALOEDENT T'PASTE TRIPLE ACTION WT FLUORI Toothpaste With Fluoride 100ml   Piece,24000,0
ALOEDENT TOOTHPASTE WHITENING WITH FLUOR Tooth paste with Fluoride 10ml   Bottle,24000,0
ALPECIN DANDRUFF KILLER SHAMPOO (UK) Shampoo 250 ml    ,55000,0
ALPECIN DOUBLE EFFECT SHAMPOO 200ML Shampoo 200ml   Piece,58000,0
ALPHAGAN-P EYE DROPS SA brimonidine tartrate 0.15%/5ML   Piece,52000,0
ALRINAST SYRUP 150ML Desloratadine 2.5mg/5ml   Bottle,20000,0
ALSOFT HAND SANITIZER 1L (SARAYA) hand sanitizer 1L    ,35000,0
ALSOFT HAND SANITIZER 500ML Saraya 500ml    ,24500,0
ALWAYS (MAXI EXTRA LONG) Sanitory Pads 7's   Pack,3600,0
ALWAYS (MAXI LONG) Sanitory pads 7's   Pack,3600,0
ALWAYS (ULTRA LONG) Sanitory Pads 8's   Pack,4200,0
ALWAYS (ULTRA PLATINUM EXTRA LONG) Sanitory Pads 6's   Pack,5000,0
ALWAYS (ULTRA PLATINUM LONG) Sanitory Pads 7's   Pack,5000,0
ALWAYS MAXI COTTONY SOFT LONG 7'S Sanitary pads 7's    ,2500,0
ALZENTAL SYRUP Albendazole 20ml   Bottle,7000,0
AMADOL 100MG SR Tramadol 100mg 10 Tablet,1000,0
AMARA BODY MILK LOTION 400ML Lotion 400 ml    ,9600,0
AMARA FOR MEN COOLING INTENSIV LOT 400ML Lotion 400ml    ,10200,0
AMARA FOR MEN MOISTURING LOTION 400ML Glycerine 400 ml    ,9600,0
AMARA GLYCERINE HYDRATING 200ML Glycerine 200ml    ,5000,0
AMARA GLYCERINE HYDRATING 400ML Glycerine 400 ml    ,9600,0
AMARA GLYCERINE SCENTED 100ML Glycerine 100 ml    ,4700,0
AMARA GLYCERINE UNSCENTED 100ML Glycerin 100 ml    ,4700,0
AMARYL 1MG TABS Glimepiride 1mg 30 Tablet,500,0
AMARYL 2MG TABS Glimepiride 2mg 30 Tablet,600,0
AMARYL 3MG SA Glimepiride 3mg 30 Tablet,700,0
AMARYL 4MG SA Glimepiride 4mg 30 Tablet,800,0
AMBRODIL DROPS Ambroxol 15 ml   Bottle,7000,0
AMBRODIL SYRUP Ambroxol 100 ml   Bottle,9000,0
AMBROX 75MG SR Ambroxol 75mg 30 Capsule,850,0
AMBROX SYRUP Ambroxol 100 ml   Tablet,8000,0
AMIKACIN 500MG INJ EGYPT Amikacin 500mg    ,13500,0
AMINOGARD GRANULES 5G Amino acids 5g 10 Sachets,2300,0
AMINOGARD LIQUID Amino acids/vitamins 200ml   Bottle,26500,0
AMINOPHYLINE 100MG Aminophyline 100 mg 100 Tablet,100,0
AMINOPHYLINE INJ Aminophyline 250 mg/10 ml 10  ,3500,0
AMINORICH Amino acids . 15 Capsule,1000,0
AMIODARONE 150MG  INJ Amiodarone 150mg 5 InJection,5000,0
AMIODARONE 200MG Amiodarone Hydrochloride 200mg 28 Tablet,1500,0
AMITRIPTYLINE 10MG UK Amitriptyline 10 mg 28 Tablet,400,0
AMITRIPTYLINE 25MG (KENYA) Amitriptyline 25 mg 100 Tablet,100,0
AMITRIPTYLINE 25MG TABS (UK) 28'S Amitriptyline 25mg 28 Tablet,300,0
AMLO-DENK 10MG Amlodipine 10 mg 50 Tablet,1000,0
AMLO-DENK 5MG Amlodipine 5 mg 50 Tablet,600,0
AMLODAC 10MG Amlodipine 10 mg 30 Tablet,700,0
AMLODAC 5MG Amlodipine 5 mg 30 Tablet,350,0
AMLODAR 10MG Amlodipine 10 mg 28 Capsule,600,0
AMLODAR 5MG Amlodipine 5 mg 28 Capsule,400,0
AMLODIPINE 10MG TABS (UK) 28'S Amlodipine besylate 10 mg 28 Tablet,400,0
AMLODIPINE 5MG (NORVATIS) Amlodipine 5mg 30 Tablet,300,0
AMLODIPINE 5MG TABS (UK) 28'S Amlodipine 5mg 28 Tablet,300,0
AMLOZAAR Losartan pottasium 50mg 30 Tablet,1700,0
AMLOZAAR H Amlodiine/Losartan potaasium/Hydrochlorothiazide. 5mg/50mg/12.5mg 30 Tablet,1800,0
AMOCOMB CREAM Neomycin/ Gramicidin/Triamcinolone acetonide 15 mg   Piece,12000,0
AMOR PERFUME Perfume 100ml    ,90000,0
AMOXI KID 125MG Amoxicillin  trihydrate 125 mg 100 Tablet,100,0
AMOXICLAV INJ Amoxicillin/ clavulanic acid 1000 mg/200 mg   InJection,12000,0
AMOXICLAV-DENK 500/62.5MG Amoxicillin/clavulanic acid 500/62.5 mg 16 Tablet,1900,0
AMOXIL CAPS INDIA Amoxicillin Tetrahydrate 250 mg 100 Capsule,150,0
AMOXIL FORTE SYRUP Amoxicillin/clavulanic acid 250mg/5ml   Bottle,14500,0
AMOXIL SYRUP 125MG GSK Amoxicillin 125mg/5 ml   Bottle,14000,0
AMPHOTERICIN B INJ Amphotericin B 50mg   InJection,35000,0
AMPICILLIN CAPS Ampicillin 250mg 100 Capsule,150,0
AMPICILLIN INJ Ampicillin 500mg   InJection,1500,0
AMPICILLIN SUSP Ampicillin 125mg/5ml   Bottle,3000,0
AMPICLOX 500MG GSK Ampicillin/Cloxacillin 500mg 100 Capsule,1000,0
AMPICLOX CAPS INDIA/KENYA Ampicillin/Cloxacillin 250/250mg 100 Capsule,200,0
AMPICLOX INJ Cloxacillin/ampicillin 250/250 mg   InJection,1600,0
AMPICLOX NEONATAL DROPS Ampicillin/Cloxacillin 90mg/0.6ml   Bottle,13500,0
AMPICLOX SYRUP UK Ampicillin/Cloxacillin 250/100mg   Bottle,26500,0
ANAFRANIL 25MG SA clomipramine hydrochloride 25 mg 30 Tablet,800,0
ANASTRAZOLE  1MG TABS (UK) 28'S Anastrazole 1 mg 28 Tablet,2000,0
ANDROCUR 50MG TABS Cyproterone Acetate 50mg 50 Tablet,1200,0
ANGINET 160MG Valsartan 160mg 30 Tablet,1500,0
ANGIZAAR-H losartan potassium/Hydrochlorothiazize 50mg/12.5mg 30 Tablet,800,0
ANTABUSE 500MG SA disulfiram 500 mg 25 Tablet,1000,0
ANTEPSIN 1G Sucralfate 1g 60 Tablet,800,0
ANTEPSIN SUSP 250ML SA Sucralfate 1G/5ML   Bottle,30000,0
ANTHISAN BITE AND STING  GD Mepyramine maleate 2% w/w  20 gm   Piece,32000,0
ANTI-AGEING FACIAL OIL OIL 30ML    ,35000,0
ANTIDIAZOX SYRUP 60ML Netazoxanide 100mg   Bottle,11000,0
ANTINAL 200MG Nifuroxazide 200MG 24 Capsule,1000,0
ANTINAL SYRUP Nifuroxazide 220mg/5ml   Bottle,14000,0
ANUSOL CREAM (UK) Zinc oxide/ Bismuth oxide /  Balsam Peru/ 23 gm   Piece,30000,0
ANUSOL OINTMENT 25G (UK) Zinc oxide/ Bismuth oxide /  Balsam Peru/ 25G   Piece,30000,0
"ANUSOL SOOTHING RELIEF OINTMENT 15G Hydrocortisone, Bismuth Oxide, Zinc oxide, Bismuth Subgallate, Benzoy benzoate 15g   Piece",38000,0
"ANUSOL SOOTHING RELIEF SUPPOSITORIES Hydrocortisone, Zinc oxide, Bismuth Subgallate 2.510/296/59 mg 12 Piece",3000,0
"ANUSOL SUPP 12PKT UK Bismuth subgallate,bismuth oxide,zinc oxide 12's 12 Piece",2000,0
ANUSOL SUPP 24PKT GD Bismuth subgallate/bismuth oxide/zinc oxide 24's 24 Tablet,2000,0
APCALIS 20MG Tadalafil 20 mg 4 Tablet,7000,0
APDROPS DX EYE DROPS Moxifloxacin/Dexamethasone 5ml    ,25500,0
APDYL H SYRUP 100ML cough mixture 150mg/75mg/100 ml   Bottle,6000,0
APDYL H SYRUP 200ML  200ml   Bottle,9000,0
APFLU SYRUP Chlorphenamine/Paracetamol/Vitamin C 0.5mg/120mg/50mg   Bottle,6000,0
APICORT EYE DROPS Prednisolone 1.2mg/ml   Tablet,19000,0
APICROM EYE DROPS Sodium cromoglycate 20 mg   Piece,21000,0
APIDONE SYRUP Chlorheniramine/Dexamethasone 2 mg & 0.5mg; 125ml   Bottle,24000,0
APIGEN  EYE DROPS Gentamicin 3.0 mg/0.1 mg    ,10000,0
APISAL STUFF NOSE Sodium Chloride 0.74%/v    ,9500,0
APITROPIN EYE DROPS Atropine 1%    ,17000,0
APPETITE PLUS SYRUP Herbal extracts 150ml   Bottle,18000,0
APPETON  VITAMIN C A-Z (BLACKCURRANT) Vitamin C 30 mg   Tin,32000,0
APPETON  VITAMIN C A-Z (ORANGE) Vitamin C 30 mg   Tin,32000,0
APPETON MULTIVITAMIN INFANT DROPS Vitamins 30ml    ,41000,0
APPETON MULTIVITAMIN LYSINE 60'S Vitamins 60's   Tin,45000,0
APPETON MULTIVITAMIN LYSINE SYRUP Lysine 120 ml   Bottle,42000,0
APPETON WEIGHT GAIN ADULTS Milk powder 450g   Tin,122000,0
APPLE CIDER VINEGAR 1L Raw Vinegar 1L    ,75000,0
APPLE CIDER VINEGAR 500ML Raw Vinegar 500ml    ,48000,0
APPLE CIDER VINEGAR HONEY & GINGER 500ML Raw Vinegar 500ml    ,55000,0
APPLE CIDER VINEGAR HONEY &C/BERRY 500ML Raw Vinegar 500ml    ,55000,0
APPLE CIDER VINEGAR HONEY &TUMERIC 500ML Vinegar 500ml    ,55000,0
APPLE CIDER VINEGAR WITH HONEY 500ML Vinegar 500ml    ,55000,0
APRAZOLE PLUS SACHETS Omeprazole/Sodium bicarbonate 20mg 20  ,1800,0
APTAMIL 1 400G Infant formula 400g   Tin,48000,0
APTAMIL 1(0-6M) 800G Infant Formula 800g   Tin,135000,0
APTAMIL 2 400G Infant formula 400g   Tin,48000,0
APTAMIL 2(6-12M) 800G Infant formula 800g   Tin,135000,0
APTAMIL 3(1YR+) 800G Infant formula 800g   Tin,135000,0
APTAMIL COMFORT MILK 800G Infant Formula (Birth - 12months) 800G   Tin,120000,0
APTAMIL HUNGRY BABY 800G infant formula 800g   Tin,120000,0
APTAMIL PEPTI-JUNIOR 400G Infant Formula 400g   Tin,52000,0
APTAMIL PRE NUTRIPREM 400G Infant formula 400g   Tin,55000,0
APTIZOOOM SYRUP 200ML The Natural appetite booster 200ml   Bottle,12000,0
AQUA SAFE Sodium hydroxymethane 67 mg 80 Tablet,200,0
AQUACAL Vitamins 30's 30 Tablet,1200,0
AQUAFRESH BIG TEETH MOUTHWASH 6+YR 300ML Mouth wash 1   Bottle,17000,0
AQUAFRESH BIG TEETH T/BRUSH 6-8 YRS Tooth Brush 1   Piece,12000,0
AQUAFRESH LITTLE TEETH 3-5YRS 50ML Toothpaste 50ml    ,12000,0
AQUAFRESH LITTLE TEETH T/BRUSH 3-5 YRS Tooth Brushes 1   Piece,12000,0
AQUAFRESH MILKTEETH T/BRUSH 0-2 YRS Toothbrushes 1   Piece,12000,0
AQUEOUS CREAM 100G - UK Cream 100g    ,14000,0
AQUEOUS CREAM BP 500G Hydrous Emulsifying Ointment 15% w/w /6?%nw/w   Piece,18000,0
ARANESP (DARBEPOETIN) 40MCG Darbepoetin alpha 40mcg   InJection,200000,0
ARBITEL 40MG Telmisartan 40 mg 30 Tablet,700,0
ARBITEL 80MG Telmisartan 80 mg 30 Tablet,800,0
ARBITEL H Telmisartan/Hydrochlorothiazide 40/12.5 mg 30 Tablet,1000,0
ARBITEL H 80/12.5MG Telmisartan/Hydrochlorothiazide 80/12.5mg 30 Tablet,1200,0
ARGIMAC Tribulus 250mg 30 Tablet,2000,0
ARIPIPRAZOLE 10MG -UK Aripiprazole 10mg 28 Tablet,2000,0
ARISTOZYME SYRUP Digestant 200ml   Bottle,25000,0
ARMAF MEN CLUB DE NUIT FRAG MIST Perfume 250ml    ,20000,0
ARMAF MEN SHADES FRAGRANCE MIST Perfume 250ml    ,17000,0
ARMAF MEN TAG-HIM FRAGRANCE MIST Perfume 250ml    ,17000,0
ARMAF WOMEN CLUB DE NUIT FRAGR MIST Perfume 250ml    ,18000,0
AROMASIN 25MG SA Exemestane 25 mg 30 Tablet,4000,0
ARTANE 5MG TABS Trihexyphenidyl Hydrochloride 5mg 50 Tablet,700,0
ARTEFAN 20/120 12'S Artemether/Lumefantrine 20mg/120mg   Tablet,5000,0
ARTEFAN PEAD 6'S Artemether/Lumefantrine 20/120mg   Tablet,4000,0
ARTEMETHER 80MG/ML INJ Artemether 80 mg/1ml   InJection,1500,0
ARTEQUIN ADULT Artesunate/Mefloquine 600/750mg   Pack,29000,0
ARTEQUIN CHILD Artesunate/Mefloquine 300/375 mg   Tablet,27000,0
ARTESUN 120 INJ Artesunate 120 mg   InJection,15000,0
ARTESUN 30MG INJ Artesunate 30 mg   InJection,5500,0
ARTESUN 60MG INJ Artesunate 60 mg   InJection,8500,0
ARTESUNATE 120MG INJ INDIA Artesunate 120mg   InJection,10000,0
ARTESUNATE 30MG INJ INDIA artesunate 30mg   InJection,5000,0
ARTESUNATE 60MG INJ INDIA Artesunate 60mg   InJection,5000,0
ARTHFREE 20MG Leflunomide 20 mg 30 Tablet,1900,0
ASCORIL D SYRUP 100ML Dextromethophan/Phenyephrine 100ml   Bottle,12000,0
ASCORIL LS SYRUP 100ML Levosalbutamol 100ml   Bottle,11000,0
ASCORIL SYRUP 100ML Salbutamol/Bromhexine/Guaifenesin/Menthol 2/4/100/1mg   Bottle,8000,0
"ASCORIL SYRUP 200ML Salbutamol sulfate, bromhexine HCl, guaifenesin , mentho 2/4/100/1mg   Bottle",13500,0
ASIRAX INJ SA Aciclovir injection 250 mg i.v.   InJection,20000,0
ASIST INJ SA Acetylcysteine 300mg /3ml 10 InJection,5000,0
ASOMEX-2.5MG s(-) Amlodipine 2.5 mg 50 Tablet,500,0
ASOMEX-5MG s(-) Amlodipine 5 mg 50 Tablet,650,0
ASOMEX-D Amlodipine/Hydrochlorothiazide 2.5/12.5 mg 30 Tablet,900,0
ASOMEX-LT Losartan Potassium/ Amlodipine 50mg/2.5 mg 60 Tablet,1000,0
ASPIREM 75MG Aspirin 75 mg 56 Tablet,400,0
ASPIRIN 75MG DISPERSIBLE UK aspirin 75mg 28 Tablet,300,0
ASPIRIN 75MG UK 28'S Acetylsalicylic Acid 75mg 28 Tablet,300,0
ASPIRIN 75MG UK 56'S Acetyl salicylic acid 75mg 56 Tablet,300,0
ASPIRIN DISPERSIBLE TABS 300MG -UK Acetylsalicylic Acid 300mg 32 Tablet,300,0
ASPIRIN ORDINARY 300MG Acetylsalicylic Acid 300 mg 200 Tablet,50,0
ASTRAL  MOISTRNG CREAM 200ML Cream 200ml    ,32000,0
ASTRAL MOISTURIZING CREAM 500ML Moisturizing Cream 1   Tin,55000,0
ATACAND 16MG SA Candersatan 16mg 28 Tablet,1300,0
ATACAND 32MG SA Candersatan 32mg 28 Tablet,2500,0
ATACAND 8MG TABS (TURKEY) Candesartan 8mg 28 Tablet,1000,0
ATACAND PLUS 16/12.5MG SA candesartan /hydrochlothiazide 16/12.5 mg 28 Tablet,1500,0
ATARAX 25MG Hydroxyzine hydrochloride 25mg 30 Tablet,500,0
ATAZANAVIR / RITONAVIR Atazanavir/Ritonavir 300/100MG   Tin,45000,0
ATENOLOL 100MG (UK) TABS Atenolol 100mg 28 Tablet,400,0
ATENOLOL 25MG (UK) TABS Atenolol 25mg 28 Tablet,500,0
ATENOLOL 50MG (UK) TABS Atenolol 50 mg 28 Tablet,500,0
ATORVA 10MG Atorvastatin calcium 10 mg 30 Tablet,1100,0
ATORVA 20MG Atorvastatin calcium 20 mg 30 Tablet,1200,0
ATORVA AM 10/20MG Atorvastatin/Amlodipine 10/20mg 30 Tablet,1700,0
ATORVA AM 5/10MG Atorvastatin/Amlodipine 5/10mg 30 Tablet,1200,0
ATORVA AM 5/20MG Atorvastatin/Amlodipine 5/20mg 30 Tablet,1500,0
ATORVASTATIN 10MG UK Atorvastatin 10mg 28 Tablet,400,0
ATORVASTATIN 20MG UK Atorvastatin 20 mg 28 Tablet,600,0
ATORVASTATIN 40MG UK Atorvastatin 40mg 28 Tablet,700,0
ATORVASTATIN 80MG TABS 28'S - UK Atorvastatin 80mg 28 Tablet,800,0
ATOVAQUONE/PROGUANIL Atovaquone/Proguanil 250/100 mg 12 Tablet,8000,0
ATOXIA 120MG Etoricoxib 120 mg 7 Tablet,6200,0
ATOXIA 60MG Etoricoxib 60 mg 10 Tablet,3200,0
ATOXIA 90MG Etoricoxib 90 mg 10 Tablet,3900,0
ATRACURIUM 25MG Atracurium 25mg 5 InJection,20000,0
ATRIPLA ORIGINAL Efavirenz/Emitricitabine/Tenofovir 600 mg/200 mg/300 mg   Tin,400000,0
ATROPINE INJ Atropine sulphate 1 mg/ml   InJection,1500,0
AUGMENTIN - BID SUSP. 70ML (TRKY) Amoxicillin + Clavulinic Acid 200mg+28mg/5ml   Bottle,18000,0
AUGMENTIN - BID TABS (TRKY) Amoxicillin + Clavulinic Acid 625mg 14 Tablet,2700,0
AUGMENTIN 1.2G INJ Amoxicillin/clavulanate 1.2g   InJection,15000,0
AUGMENTIN 1G Amoxicillin/Clavulanate 1000 mg 14 Tablet,6500,0
AUGMENTIN 228MG SYRUP (UK) Amoxicillin/Clavulanic acid 228mg/5ml   Bottle,25000,0
AUGMENTIN 375MG Amoxicillin trihydrate/Potassium clavulanate 375 mg 20 Tablet,2800,0
AUGMENTIN 457MG SYRUP Amoxicillin/Clavulanic acid 457mg/5ml   Bottle,42000,0
AUGMENTIN 625MG (UK) Anoxicillin/Clavulanate 625 mg 14 Tablet,3700,0
AUGMENTIN BID 1000MG TABS 14'S maoxicillin + Clavunic acid 1000mg 14 Tablet,3000,0
AUROCROME EYE DROPS cromolyn sodium 10ml    ,17000,0
AURODONE EYE DROPS 5ML Povidone Iodine solution 5% w/v   Piece,14000,0
AUROFORT EYE DROPS Prednisolone acetate 5ml    ,20000,0
AUROPENT EYE DROPS 5ML Cyclopentolate 1%w/v   Piece,25000,0
AUROPROST-RT EYE DROPS Latanoprost 0.005% 2.5 ml    ,42000,0
AUROSOL EYE DROPS 10ML Hypromellose 0.7%w/v   Piece,17000,0
AUROSPORINE EYE DROPS Cyclosporin Opthalmic Solution 2% W/V    ,60000,0
AUROTIM EYE DROPS 5ML Timolol 05% W/V   Piece,10000,0
AUTO-CUT SEMI AUTOMATIC BIOPSY NEEDLE Semi-automatic guillotine biopsy needle 16G X200MM   Pack,60000,0
AUTO-CUT SEMI AUTOMATIC BIOPSY NEEDLE Semi automatic guillotine biopsy needle 18G X 150MM   Pack,72000,0
AUTO-CUT SEMI AUTOMATIC BIOPSY NEEDLE Semi-automatic guillotine biopsy needle 18G X200MM   Pack,75000,0
AUXILLARY CRUTCHES Walking aids .   Piece,65000,0
AVACARE VITAMIN  + ZINC  EFFERV 20'S Vitamin /ZInc 20's   Tin,18000,0
AVACARE VITAMIN C 1G EFF.TABS (UK) 20'S Vitamin C 1000 mg   Pack,16000,0
AVAMYS NASAL SPRAY Fluticasone 27.5 µg/50 µL   Bottle,21000,0
AVEENO BABY BARRIER CREAM Cream 100 ml    ,45000,0
AVEENO BABY GENTLE BODY WASH SENSTV 500M Body wash 500ml    ,60000,0
AVEENO BABY H'CARE & BODY WASH SENSITIVE Body wash 300ML   Bottle,50000,0
AVEENO CREAM 300ML Cream 300ml    ,70000,0
AVEENO DAILY M'STURISG BODY CLNSING OIL Moisturising body cleansing oil 300 ml   Bottle,60000,0
AVEENO DAILY MOISTSNG YOGHURT BODY WASH Aveeno daily moisturising yoghurt bosy wash 300 ml   Piece,38000,0
AVEENO DAILY MOISTUR CREAMY OIL 300ML Wash 300ml    ,50000,0
AVEENO DAILY MOISTURING LOTION 200ML Lotion 200ml    ,50000,0
AVEENO DAILY MOISTURISING BODY WASH 500M colloidal oatmeal 500 ml    ,80000,0
AVEENO DAILY MOISTURISING LOTION 300ML Lotion 300 ml    ,54000,0
AVEENO DERMEXA BODY WASH 300ML Shower gel 300ml    ,55000,0
AVEENO MOISTURISING CREAM 500ML Cream 500ml    ,80000,0
AVEENO MOISTURISING LOTION 500ML colloidal oatmeal 500 ml    ,70000,0
AVEENO SKIN RELIEF  MOIST'R'G LOTION 200 Lotion 200ml   Bottle,50000,0
AVEENO SKIN RELIEF M'STR'G BODY WASH Body wash 300 ml   Bottle,60000,0
AVEENO SKIN RELIEF MOIST'SING LOTION 300 Lotion 300 ml   Bottle,60000,0
AVEENO SKIN RELIEF NOURISH & REPAIR BALM Cica balm 50ml    ,35000,0
AVELOX IV 250ML Moxifloxacin 400mg   InJection,150000,0
AVENT  BOTTLE NATURAL 260ML TWIN(033/27) 1 M+ SCF 033/27/ 260ML   Pack,85000,0
AVENT ANTI-COLIC BOTTLE 125ML (SCF400/15 Feeding Bottle 0m+ 125ml/4 oz   Piece,60000,0
AVENT ANTI-COLIC BOTTLE 260ML (SCF403/15 Feeding Bottle 1m+ 260ml/ 9oz   Piece,60000,0
AVENT BABY CARE SET 6 F-BOX SCH-400/00 Baby care set .   Pack,186500,0
"AVENT BOTTLE  NATURAL 125ML(SCF030/17) 0M+ 125 ml/40Z, 030/17   Pack",45000,0
AVENT BOTTLE AND TEAT BRUSH(SCF145/06) BRUSH .    ,45000,0
"AVENT BOTTLE ANTI-COLIC 125ML(SCF810/61) 0M+ 125ml, 810/61   Piece",35000,0
"AVENT BOTTLE CLASSIC+ 260ML(SCF563/61) 1 Month Plus 260M, 563/61   Piece",44500,0
AVENT BOTTLE NATURAL 125ML TWIN PACK 0 Months + (SCF030/27) 125M   Pack,75000,0
"AVENT BOTTLE NATURAL 260ML(SCF033/17) 1 Month Plus 260 ml/90Z, 693/17   Piece",54500,0
"AVENT BOTTLE NATURAL 260ML(SCF693/37) 1 Month 260 ml, 693/37   Piece",94800,0
"AVENT BOTTLE NATURAL 330ML(SCF036/17) 3 Months Plus 330 ML/110Z, 036/17    ",58000,0
AVENT BREAST PADS WASHABLE 6'S Breast Pads .   Pack,19000,0
AVENT BREAST PUMP ELECTRIC(SCF332/31) GD Breast Pump .    ,630000,0
AVENT BREAST PUMP MANUAL (SCF430/10) Breast Pump 430/10   Pack,230000,0
AVENT DISP BREAST PADS DAY & NIGHT 60'S Breast Pad Day SCF 254/61   Pack,45000,0
AVENT DISPOSABLE BREAST PADS 24'S SCF254/24 24   Pack,40000,0
AVENT NATURAL 2.0 TEAT NEWBORN 0M+ Teats Twinpack SCF041/27   Pack,30000,0
AVENT NATURAL 2.0 TEAT SLOW FLOW 1M+ Teats Twin pack SCF 042/27   Pack,33000,0
AVENT NATURAL 2.0 TEATS FAST 6M+ Teats Twinpack SCF 044/27   Pack,35000,0
AVENT NIPPLE CREAM Nipple Cream SCF 504/30 3o ml   Piece,82500,0
AVENT SOOTHER NIGHT 2'S 6-8M SCF(376/20) Soother SCF376/20   Pack,52000,0
AVENT SOOTHER NIGHT TIME TWIN SCF(176/28 Soother SCF176/28    ,57500,0
AVENT SOOTHERS NGHT 2'S 0-6M (SCF376/10) Soothers SCF 376/10   Pack,52000,0
AVENT SOOTHERS NGT 2'S 6-18M SCF(376/10) Soothers SCF 376/10    ,32000,0
AVENT SOOTHERS ULT AIR NGT PINK 6-18M Soother SCF 376/22   Pack,35000,0
AVENT SOOTHERS ULTRA AIR 6-18MTHS (GIRL) Soother SCF 345/22   Pack,35000,0
AVENT SOOTHERS ULTRA AIR GIRL 0-6M Soothers SCF 345/20   Pack,35000,0
AVENT SOOTHERS ULTRA AIR NIGHT BLUE 6-18 Soothers (6-18 MTHS) - Boy SCF 376/21   Pack,38000,0
AVENT SOOTHERS ULTRA AIR NIGHT BOY 0-6M Soothers SCF 376/11   Pack,38000,0
AVENT STARTER SET NATURAL SCD301/01 Starter Set SCD301/01   Pack,220000,0
AVENT STATER SET CLASSIC SCF(371/60) set SCF 371/60   Pack,189000,0
AVENT TEAT CLASIC FAST FLOW (SCF 634/27) 6M+ 4 holes SCF 634/27    ,25000,0
AVENT TEAT MEDIUM FLOW PLUS SCF(653/27) Teat SCF653/27    ,21500,0
AVENT TEAT MEDIUM FLOW SCF (633/27) 3 holes SCF 633/27    ,23000,0
AVENT TEAT NATUR VARIABLE FLOW SCF045/27 3M+ SCF 045/27   Pack,28000,0
AVENT TEAT NATURAL FAST FLOW(044/27) 6M+ SCF 044/27    ,28000,0
AVENT TEAT NATURAL MEDIUM FLOW(SCF043/27 3M+ 043/27    ,28000,0
AVENT TEAT NATURAL SLOW FLOW (SCF042/27) 1 M+ SFC 042/27   Pack,28000,0
AVENT TEAT NEW BORN 0+ SCF(631/27) Teat SCF 631/27    ,23000,0
AVENT TEAT NEW BORN 0+ SCF(651/27) Teat SCF 651/27    ,23000,0
AVENT TEAT SLOW FLOW SCF(632/27) 2 holes SCF 632/27    ,22000,0
AVENT TEATS ANTI-COLIC 0MTH+ 1 HOLE Teats SCF 631/27   Pack,35000,0
AVENT TEATS ANTI-COLIC 1MTH+ 2 HOLE Teats SCF 632/27   Pack,35000,0
AVENT TEATS ANTI-COLIC 3MTH+ 3 HOLE Teats SCF 633/27   Pack,35000,0
AVENT TEATS ANTI-COLIC 6MTH+ 4 HOLE Teats SCF 634/27   Pack,35000,0
"AVIT Vitamin A 200,000 IU 30 Capsule",800,0
AVITAZ 4.5G I.V Piperacillin + Tazobactam 4.5g   InJection,15000,0
AVOCA CAUSTIC PENCIL 40% Silver Nitrate .   Piece,9000,0
AVODART 0.5MG CAPS Dudasteride 0.5 mg 30 Capsule,1500,0
AVOMINE 25MG TABS Promethazine 25 mg 10 Tablet,1800,0
AVON FAR AWAY PERFUME Perfume 50ml    ,42000,0
AXCEL CEPHALEXIN 500MG Cephalexin 500 mg 100 Capsule,800,0
AXCEL FUNGICORT CREAM Hydrocortisone/Miconazole Nitrate 1%    ,9500,0
AXCEL FUSIDIC ACID-B CREAM Betamethasone Valerate/ Fusidic Acid. 15g    ,19000,0
AXCEL METRONIDAZOLE 400MG Metronidazole 400MG 100 Tablet,300,0
AXE AFRICA DEO SPRAY  150ML    ,11000,0
AXE APOLLO DEO SPRAY Deodorant 150ML    ,11000,0
AXE BRAND OIL 14ML Menthol/Camphor/Methyl salicylate 14ml    ,15500,0
AXE BRAND OIL BIG 56ML Menthol/ Eucalyptus oil 56 ml   Piece,28000,0
AXE BRAND OIL SMALL 3ML Menthol/Camphor 3 ml   Piece,4500,0
AXE DARK TEMPTATION DEO SPRAY  150ML    ,11000,0
AXETINE 750MG INJ cefuroxime 750 mg   InJection,16000,0
AZARGA EYE DROPS SA Brinzolamide/Timolol 5ml    ,50000,0
AZATHIOPRINE 50MG UK Azathioprine 50 mg 56 Tablet,500,0
AZELASTINE NASAL SPRAY 10ML Azelastine Hydrochloride 0.1%w/v   Piece,40000,0
AZICIP 3'S Azithromycin 500mg   Pack,5000,0
AZIDERM 10% CREAM 15G Azelaic acid 10%   Piece,27000,0
AZIFAST 250MG Azithromycin 250 mg   Tablet,5000,0
AZILIDE 500MG 3'S Azithromycin 500mg   Pack,5000,0
AZITHRO-DENK 500MG 3'S Azithromycin 500mg   Pack,35000,0
AZITHROMYCIN 500MG GD Azithromycin 500 mg   Pack,15000,0
AZITHROMYCIN 500MG INJECTION Azithromycin 500mg   InJection,10000,0
AZITRO 500MG  3'S Azithromycin 500 mg   Pack,10000,0
AZOPT EYE DROPS Brinzolamide 1% w/v    ,50000,0
ANTI D INJ Rh¿(D) immune globulin 300 mcg   InJection,220000,0
BABY MASK  .   Pack,45000,0
BACK-UP PILL 1'S Levonorgestrel 1.5mg   Pack,8000,0
BACLOFEN 10MG TABS (UK) Baclofen 10MG 84 Tablet,450,0
BACTAFUZ CREAM 15G Fusidic Acid 2% w/w   Piece,12500,0
BACTAFUZ-B  CREAM15G Fusidic Acid and Betamethasone Valerate Cream 2% / 0.10% w/w   Piece,14000,0
BACTOCLAV 375MG AMoxicillin/Clavulanic acid 375mg 20 Tablet,800,0
BACTOCLAV 625MG Amoxicillin and Clavulanic Acid. 625 mg 20 Tablet,900,0
BACTRIM INJ Trimethoprim and sulfamethoxazole (Cotrimoxazole) 480MG   InJection,15000,0
BACTROBAN OINT 15G Mupirocin 2%w/w   Piece,16000,0
BALANCE SUGARLESS STEVIA 50'S  Sachets   Pack,16000,0
BALLET ALOE VERA JELLY 100G Jelly 100g    ,5000,0
BALLET ALOE VERA JELLY 250G Jelly 300ml    ,10000,0
BALLET BABY JELLY 100G Jelly 100g    ,5500,0
BALLET BABY JELLY 250G Jelly 250g    ,10000,0
BALLET BUTTER BLEND JELLY 100G Jelly 100g    ,5500,0
BALLET BUTTER BLEND JELLY 250G Jelly 250g    ,10000,0
BARE BACK Condom 3's   Pack,12000,0
BAROLE 20MG Rabeprazole 20 mg 30 Tablet,1000,0
BASALOG GLARGINE INSULIN 5ML Insulin 100 iu  5 ml   InJection,60000,0
BATH & BODY WORKS A THOUSAND WISHES -USA Body Splash 236ml   Piece,90000,0
BATH & BODY WORKS A THOUSAND WISHES LOT Lotion 236ml    ,64000,0
BATH & BODY WORKS A THOUSAND WISHES SPSH Splash 256ml    ,58000,0
BATH & BODY WORKS AT THE BEACH LOTION  236ml    ,64000,0
BATH & BODY WORKS BLACK CHERRY MERLOT Splash 236ml    ,58000,0
BATH & BODY WORKS CACTUS BLOSSOM Lotion 236ml    ,58000,0
BATH & BODY WORKS COCONUT CALYPSO SPLASH Perfume 236ml    ,58000,0
BATH & BODY WORKS HELLO BEAUTIFUL  236ML    ,58000,0
BATH & BODY WORKS JAP CHERRY BLOSSM MIST Splash 256ml    ,68000,0
BATH & BODY WORKS LAVENDER & SANDAWOOD Splash 256ml    ,58000,0
BATH & BODY WORKS MIST PARIS HILTION Splash 236ml    ,58000,0
BATH & BODY WORKS SUNSET GLOW SPLASH Fragrance mist 236ml    ,68000,0
BATH&BODY WORKS J'PNS CHRY BLOSM - USA Body Splash 236ml    ,90000,0
BAUSCH & LOMB EASY SEPT 360ML Contact Lenses Cleaner 1   Bottle,78000,0
BAUSCH & LOMB SALINE SOLUTION 500ML Antiseptic 500 ml    ,35000,0
BAUSCH + LOMB  SOLUTION 120ML Antiseptic 120ml    ,40000,0
BAUSCH + LOMB BIO TRUE MPS 300ML  300ml   Bottle,75000,0
BAUSCH + LOMB EASYSEPT 360ML  360ml    ,78000,0
BAUSCH+LOMB RENU MULT-PURPOSE SOLN 120ML Contact Lense solution 120ml    ,50000,0
BAUSCH+LOMB RENU MULT-PURPOSE SOLN 240ML Contact lense cleanser 240ml    ,75000,0
"BAZUKA GEL 5G salicyllic acid/Lactic Acid 12% ,4%   Piece",45000,0
BBC SPRAY Benzocaine/Benzydamine/Cetalkonium 15 g    ,29500,0
BD MICRO-FINE PLUS  SYRINGE 0.5ML(31GX6) Insulin Syringe (31G) X 6mm 0.5ml 100 Piece,600,0
BD MICRO-FINE PLUS NEEDLES(32GX4MM) pen needles 4mm X 32G (0.23mm) 100 Piece,1400,0
BD MICRO-FINE PLUS SYRINGE 1ML(31GX6MM) Insulin syringes (31 G) X 6mm 1ml 100 Piece,600,0
BEAUTEX ANTI-ITCH OIL 100ML Hair oil 100ml    ,15000,0
BEECHAM POWDER COLD & FLU HOT LEMON 10'S Paracetamol/phenylephrine hydrochloride/ ascorbic acid . 10 Sachets,3000,0
BEECHAM POWDERS 10'S Aspirin / Caffeine 600 / 50 mg   Pack,18000,0
BEECHAMS ALL IN ONE SYRUP(UK) Cough mixture 160ML   Bottle,35000,0
BELIFAX 20MG Omeprazole 20mg 14 Tablet,2000,0
BELL'S CLOVE OIL 10ML clove oil 10ml   Piece,15000,0
BELLS ANTACID MIXTURE 200ML Magnesium Trisilicate/MgCo3/NaHBCo3 2.5% W/V   Bottle,15000,0
BELLS BABY COUGH SYRUP 1 MONTH+ Citric aci 100ml   Bottle,18000,0
BELLS BABY GRIPE MIXTURE 100ML Dill Seed Oil Terpeneless/Sodium Bicarbonate 2.5 mg/50 mg 100 ml   Bottle,15000,0
BELLS CALAMINE LOTION 100ML (UK) Zinc Oxide 100ml    ,10000,0
BELLS CALAMINE LOTION 200ML UK Zinc Oxide 200ml   Bottle,14000,0
BELLS CHILD IRRITATING COUGH SYRUP 1 YR+ Cough Syrup 100ml   Bottle,10000,0
BELLS CHILDREN'S COUGH SYRUP 100ML 2-6 Y Cough Syrup 0.75 g/5 ml 100 ml   Bottle,10000,0
BELLS CHILDREN'S MULTIVITAMIN SYRUP Multivitamins 100ml   Bottle,15000,0
BELLS COUGH LINCTUS 200ML Ammonium chloride/Sodium citrate/Levomenthol/Squill tincture 100mg/50g/7.75mg   Bottle,15000,0
BELLS DRY TICKLY COUGH SYRUP 200ML Glycerin 0.75g/5ml   Bottle,15000,0
BELLS LIPSORE CREAM 2G Aciclovir cream 5%w/w   Piece,18000,0
BELLS MENTHOL CRYSTALS Menthol 5g   Tin,15000,0
BELLS MENTHOLATED BRONCHIAL BALSAM 200 Cough Syrup 200ml   Bottle,15000,0
BELLS OLIVE OIL 200ML Olive oil 200ml    ,22000,0
BELLS VAPOUR RUB rub 50gm    ,19500,0
BELLS VITAMIN C SYRUP 100ML Ascorbic Acid Syrup 50mg/5ml   Bottle,12000,0
"BELLS ZINC & CASTOR OIL CREAM 225G Zinc Oxide B.P, Castor Oil B.P 225g   Tin",20000,0
BELLS/WELLS OLIVE OIL 70ML (UK) Olive oil 70ml    ,11000,0
BELOC 25MG Metoprolol Tartrate 25 mg 20 Tablet,1200,0
BELOC 50MG Metoprolol Tartrate 50mg 20 Tablet,1000,0
"BELOGENT CREAM 30G Betamethasone/Gentamicin (""diprogenta"") 0.05% + 0.1% w/w   Piece",25000,0
"BELOGENT OINT 30G Betamethason/Gentamicin (""diprogenta"") 0.05%+0.1% w/w   Piece",25000,0
BENDROFLUMETHIAZIDE 2.5MG (UK) Bendroflumethiazide 2.5mg 28 Tablet,300,0
BENDROFLUMETHIAZIDE 5MG TABS (UK) Bendroflumethiazide 5mg 28 Tablet,400,0
BENDURIC 5MG Bendroflumethiazide 5mg 100 Tablet,100,0
BENYLIN 4 FLU SYRUP Pseudoephedrine/Diphenhydramine/Paracetamol 45mg   Bottle,35000,0
BENYLIN 4 FLU TABS Diphenhydramine/Paracetamol/Pseudoephedrine 1 24  ,1800,0
BENYLIN CHESTY  N/DROWSY SYP 150ML GD Guaifenesin and  Levomenthol 150 ml   Bottle,40000,0
BENYLIN CHILDREN'S COUGH & SORE DAY&NGT Glycerin 125ml   Bottle,35000,0
"BENYLIN CODEINE SYRUP Diphenhydramine/Codeine/Ammonium Chloride, 12.5 mg/10mg/ 100 ml   Bottle",29000,0
BENYLIN COLD & FLU MAX ST GD Caffiene/paracetamol/phenylephrine 500mg 16 Capsule,1900,0
BENYLIN DRY & TICKLY COUGH SYRUP GD Cough Mixtures 150ML   Bottle,40000,0
BENYLIN DRY COUGH SYRUP Dextromethorpan 15 mg 100 ml   Bottle,24000,0
BENYLIN ORIGINAL SYRUP Diphenhydramine/Ammonium Chloride 12.5 mg / 125 ml   Bottle,24000,0
BENYLIN PEADIATRIC SYRUP Diphenhydramine 100ml   Bottle,24000,0
BENYLIN WET COUGH CHILD SYRUP Cough mixture 100ml   Bottle,24000,0
BENYLIN WET COUGH SYRUP ADULT Orciprenaline/Bromhexine 100ml   Bottle,24000,0
BENZATHINE INJ. Benzathine penicillin 2400000 iu   InJection,3000,0
BENZHEXOL 2MG Trihexyphenidyl 2MG 500 Tablet,250,0
BENZHEXOL 5MG Trihexyphenidyl 5 mg 100 Tablet,250,0
BENZOX 5 GEL Benzoyl peroxide 0.05    ,5500,0
BENZYL PENICILLIN (X-PEN) INJ Benzyl penicillin sodium 1 mega   InJection,700,0
BEPANTHEN NAPPY CARE OINT 100G Ointment 100mg   Piece,50000,0
BEPANTHEN NAPPY RASH OINTMENT Cream 30g   Piece,27000,0
BERMOXEL 600MG Praziquantel 600 mg 100 Tablet,1500,0
BEROCCA BOOST EFFERVESCENT TABS 10'S Vitamins/minerals 10's   Pack,48000,0
BEROCCA BOOST EFFERVESCENT TABS 20'S Vitamins & Minerals 1   Pack,90000,0
BEROCCA BOOST GUARANA + CAFFEINE 10'S Vitamins 10's   Tin,30000,0
BEROCCA EFFERV BLACKCURRANT 15'S Vitamins 15's   Pack,50000,0
BEROCCA EFFERV MIXED BERRIES 15'S Vitamins 15's   Tin,50000,0
BEROCCA EFFERV ORANGE 15'S Vitamins 15's   Tin,50000,0
BEROCCA EFFERV ORANGE 30'S Vitamins 30'S   Tin,80000,0
BETADERM CREAM Betamethasone 15 mg   Pack,4000,0
BETADERM N CREAM Betamethasone/neomycin 15g   Piece,4000,0
BETADERM N OINTMENT Betamethasone/neomycin 15g   Piece,4000,0
BETADERM OINTMENT Betamethasone 15g   Piece,4000,0
BETADINE ANTISEPTIC SOLUTION 125ML povidone iodine 10%/ 125 ml    ,20000,0
BETADINE MOUTHWASH GARGLE 125ML Povidine /iodine 125 ml   Bottle,28000,0
BETADINE MOUTHWASH GARGLE 250ML Povidine /iodine 250 ml   Bottle,42000,0
BETADINE OINTMENT Povidine /iodine 10%   Piece,12500,0